distance_km,hour_of_day,is_weekend,traffic_factor,duration_minutes
8.98,23,0,1.95,42.53
10.329,0,0,2.017,49.61
6.249,0,0,1.987,29.33
19.787,11,1,1.955,93.57
6.226,17,1,1.989,27.53
15.046,9,0,2.93,103.79
12.763,5,1,1.264,37.58
9.096,7,0,1.586,32.57
16.624,10,0,1.546,62.97
19.853,10,0,2.489,118.83
12.763,7,1,1.863,55.27
11.026,1,0,1.06,28.91
11.294,19,1,1.988,56.82
15.331,8,1,1.158,42.07
14.181,8,0,2.162,75.23
14.531,5,0,1.818,64.71
17.282,9,0,1.168,51.06
5.378,4,0,1.922,22.28
12.693,6,0,2.012,59.49
12.843,2,1,0.752,24.51
12.38,1,0,0.915,28.49
5.131,23,1,1.092,13.71
9.753,11,1,1.349,31.9
13.281,3,0,1.126,35.5
10.06,2,1,1.956,47.65
16.651,7,0,1.491,59.04
16.563,0,1,1.126,45.1
14.949,22,1,0.957,32.71
10.431,23,1,0.807,18.68
2.837,5,0,1.812,11.44
17.78,7,0,1.853,77.34
8.27,7,1,1.326,27.27
11.846,2,0,1.579,49.89
14.701,2,0,1.428,50.34
12.889,20,0,2.516,74.56
3.585,23,0,1.263,9.7
9.07,8,1,1.435,31.65
16.31,4,1,0.967,37.6
11.891,22,0,1.728,50.31
15.486,1,1,1.041,37.0
19.285,13,0,2.374,109.94
8.62,10,1,2.532,53.26
13.29,3,1,2.054,66.2
13.119,7,0,0.84,25.63
19.449,8,1,2.212,99.83
9.38,5,1,0.779,20.02
4.578,16,0,1.455,14.97
11.529,23,0,1.419,38.74
8.962,3,1,1.496,31.51
11.444,12,0,1.846,49.56
8.407,13,1,1.431,27.91
15.981,2,1,1.509,58.23
9.105,21,1,1.064,23.35
15.577,13,0,2.021,75.88
7.699,3,1,1.055,20.26
13.186,4,1,1.741,52.93
5.834,19,1,2.588,33.18
11.653,20,1,2.459,67.83
12.047,9,0,1.64,46.64
15.451,2,1,1.344,51.52
7.468,18,0,2.933,52.72
19.297,13,0,1.63,74.03
4.41,12,0,2.229,27.28
4.932,2,1,0.928,8.94
3.647,10,1,2.45,19.63
17.288,17,0,2.5,105.45
9.591,0,0,1.139,27.07
13.134,22,1,1.893,59.79
16.093,5,1,0.885,35.48
7.842,2,0,0.973,18.53
14.737,18,0,1.807,62.62
12.106,3,1,2.19,64.26
7.838,23,1,1.662,33.54
10.229,7,0,1.274,30.03
3.097,10,0,2.132,15.06
6.806,8,0,2.182,37.18
7.779,7,1,1.708,29.23
13.417,18,1,1.877,60.61
5.127,22,1,1.135,13.95
14.689,5,0,1.168,41.93
11.625,9,0,2.88,79.95
13.518,1,1,1.787,59.34
8.109,18,1,1.87,35.49
9.762,12,1,0.833,19.87
14.593,9,0,3.237,115.23
9.953,14,1,1.175,29.8
7.209,23,0,2.411,41.98
10.94,0,1,1.409,38.0
11.437,22,1,0.829,22.88
7.653,3,0,1.901,36.09
20.0,9,1,1.809,85.6
4.449,19,0,3.006,32.34
17.376,21,0,2.499,103.67
9.785,8,0,3.243,75.12
13.628,13,1,1.211,40.32
5.881,17,0,1.573,22.75
14.667,16,0,1.918,66.02
13.658,1,0,1.254,40.69
17.112,0,0,2.007,82.32
9.88,3,0,1.647,39.29
11.731,15,0,1.577,44.98
16.747,13,1,2.149,87.16
11.354,18,1,2.657,70.77
3.466,6,0,1.772,15.31
4.266,22,1,1.311,11.98
20.0,18,1,2.666,125.58
7.751,23,0,1.497,27.36
6.134,20,0,2.922,42.31
14.918,22,1,2.055,74.12
8.826,13,0,2.093,44.45
12.569,0,0,1.351,42.09
8.555,5,0,1.098,23.02
2.78,18,0,1.553,9.29
12.747,17,0,0.926,27.05
14.377,22,1,1.419,47.11
11.594,9,1,0.98,32.71
20.0,23,0,2.348,112.62
14.971,7,0,1.856,63.84
2.328,20,0,3.037,16.19
11.546,9,1,2.423,66.11
18.278,16,1,1.991,87.2
10.864,3,1,2.193,59.98
16.683,12,1,0.858,33.43
14.063,12,1,0.886,30.62
17.857,19,0,2.471,104.8
17.549,1,1,2.244,93.24
9.842,11,1,1.619,37.78
2.234,8,0,2.566,10.67
1.656,21,1,1.553,7.57
14.246,14,0,1.927,65.68
14.284,7,0,2.138,74.08
8.983,4,0,1.271,30.12
10.537,3,0,1.024,24.23
7.513,13,0,2.068,39.34
13.086,16,0,2.407,78.13
12.543,1,1,2.016,61.4
9.133,2,1,1.651,37.28
11.081,16,1,1.414,38.09
14.864,20,0,1.99,72.19
2.749,10,1,1.68,10.09
2.606,2,1,0.868,5.23
5.015,3,1,1.261,12.44
4.545,9,1,1.635,16.92
17.202,11,0,2.096,86.06
6.856,19,0,2.386,37.99
20.0,11,0,1.108,51.27
2.314,0,0,2.068,11.83
11.608,18,0,2.992,84.89
13.355,14,1,1.463,45.77
7.949,21,1,1.526,29.54
15.378,6,1,2.166,80.23
7.628,4,1,1.535,25.56
10.526,12,0,1.542,38.36
4.592,9,0,1.935,21.48
5.637,22,1,0.855,12.19
5.987,10,0,1.776,24.59
1.203,11,1,1.833,6.45
8.948,20,0,1.431,28.24
5.202,14,1,2.042,24.9
6.158,1,1,1.496,21.5
9.318,2,0,1.846,39.6
10.112,18,0,1.751,42.41
9.248,10,0,2.155,48.36
5.797,11,1,1.313,19.26
16.086,10,0,1.769,66.89
16.571,4,1,0.845,33.07
9.363,21,1,0.917,20.45
11.298,22,0,1.898,50.86
3.795,6,1,2.17,18.69
15.727,17,0,1.925,72.76
10.975,5,0,2.026,54.74
4.883,14,0,1.708,20.4
3.586,11,1,1.426,11.98
7.197,4,1,0.8,15.26
12.078,16,0,1.285,37.34
18.747,7,1,2.073,92.1
11.903,12,0,1.437,44.47
10.053,9,1,2.32,56.6
15.314,2,0,1.235,46.36
14.477,9,0,1.146,38.17
13.362,15,0,1.874,57.98
11.198,5,0,1.69,44.33
5.223,16,0,1.464,16.25
20.0,11,0,2.046,98.61
8.891,1,1,1.555,33.55
3.755,4,0,2.017,17.32
20.0,1,1,2.148,98.62
4.831,11,0,2.272,25.91
14.961,23,1,2.089,71.94
9.53,2,1,0.841,21.87
9.864,2,1,1.731,40.27
12.75,11,1,1.14,36.8
20.0,11,0,2.42,117.43
20.0,11,1,1.306,64.28
7.155,11,1,1.888,30.77
10.978,23,0,1.648,42.6
6.511,14,0,2.494,38.23
10.296,22,1,2.246,58.75
7.037,22,0,1.735,28.98
15.968,11,0,1.006,39.79
13.291,17,1,1.435,46.56
16.685,15,1,1.897,75.87
11.577,14,1,1.761,47.19
14.753,13,0,2.213,80.92
14.642,7,1,2.17,75.03
19.574,20,1,2.158,101.24
11.146,5,1,2.009,51.16
17.133,20,0,2.735,111.37
1.826,9,1,1.897,9.08
8.899,15,1,1.032,19.9
8.595,11,1,0.92,17.66
4.42,3,0,1.293,15.12
5.741,5,1,2.149,29.43
7.209,15,0,0.953,15.53
4.192,1,0,1.278,10.5
15.179,4,1,1.833,65.12
9.01,6,1,1.566,35.46
9.277,3,0,2.458,55.51
3.066,4,0,1.824,13.07
17.432,4,0,1.358,57.04
14.042,9,1,1.945,63.81
12.469,3,1,1.613,48.16
13.847,15,1,2.2,73.63
10.754,20,1,1.23,29.2
6.142,0,1,1.2,19.02
11.505,23,0,2.0,57.09
10.783,12,1,2.184,54.72
7.148,22,1,1.653,28.83
8.147,9,1,2.338,45.08
10.59,9,0,2.307,57.03
11.247,4,1,0.784,21.76
9.476,17,1,2.148,48.67
8.955,7,0,1.939,39.57
15.998,4,0,2.44,93.26
15.845,15,1,1.715,65.28
15.799,7,0,2.352,87.97
0.731,12,1,1.005,1.74
11.043,10,1,1.84,45.71
9.4,16,1,1.137,26.15
12.379,10,1,2.065,60.11
14.249,13,1,0.853,28.69
2.686,7,1,1.873,11.24
7.652,20,1,2.314,43.19
10.506,22,1,1.776,45.07
15.292,4,1,0.954,35.0
1.244,21,0,2.095,4.21
2.747,16,1,0.839,5.04
6.965,10,1,1.167,19.3
2.916,1,1,0.922,4.78
13.879,8,0,2.688,90.52
5.212,1,0,2.476,29.76
15.486,13,1,2.239,83.43
15.129,21,0,1.911,68.85
7.326,0,0,2.463,44.08
6.691,7,0,1.583,25.97
18.86,19,0,1.572,71.95
8.569,1,0,2.059,41.45
7.887,9,0,2.843,54.45
7.514,10,0,1.707,32.15
13.151,23,0,1.864,60.56
14.923,21,1,1.922,68.2
13.592,7,1,2.032,67.7
2.165,13,0,1.46,7.55
6.707,6,0,1.256,21.57
9.234,18,0,2.099,47.45
18.473,3,1,2.119,92.96
11.243,10,1,1.693,44.3
9.639,23,1,1.885,43.31
3.079,7,0,0.828,4.24
11.719,18,0,2.143,59.63
9.23,23,1,1.425,31.42
6.768,20,0,2.198,34.31
0.688,0,1,0.93,1.15
7.454,20,1,2.247,39.79
13.371,23,1,1.54,49.01
7.278,3,0,1.21,22.85
12.125,2,1,2.188,62.58
5.176,20,0,1.247,15.77
12.816,5,0,1.65,48.34
12.287,1,0,1.159,35.25
18.591,2,1,2.096,93.16
5.366,22,1,2.141,27.42
8.151,21,1,1.307,25.4
5.366,3,1,1.075,11.2
11.963,10,0,2.441,70.44
7.886,18,1,1.106,19.34
14.131,4,1,1.809,59.71
7.969,11,1,0.876,14.93
10.566,3,0,0.952,22.24
19.288,2,0,1.772,81.37
1.699,15,0,0.908,2.26
6.142,20,1,2.117,31.83
16.621,10,1,2.535,100.49
14.547,10,0,2.099,74.46
7.289,20,1,2.861,50.32
3.421,6,0,1.959,14.78
5.165,14,1,1.992,27.33
16.278,8,0,2.621,103.61
9.089,12,1,1.552,34.21
10.512,7,1,0.974,23.22
1.782,10,1,1.147,5.77
6.706,11,1,1.428,23.61
13.202,15,0,1.302,41.82
13.132,6,1,1.253,39.18
15.028,1,0,0.838,29.84
8.185,17,0,1.363,27.37
8.884,5,1,1.325,28.01
10.751,8,0,2.316,56.66
11.706,3,1,1.746,45.17
5.64,11,1,1.665,22.79
11.62,2,0,1.332,37.21
8.893,18,1,1.777,38.68
12.305,5,0,1.632,49.04
2.218,4,0,2.186,12.64
10.998,13,1,1.468,39.07
11.827,5,1,1.585,45.19
6.014,8,1,2.014,29.18
10.11,20,0,1.698,38.67
16.147,14,0,2.119,82.33
6.147,5,0,2.134,34.21
7.598,19,0,1.755,31.66
16.347,3,0,2.437,94.41
4.708,4,0,1.224,13.16
6.349,8,1,1.682,22.9
17.213,23,1,1.783,74.84
9.926,2,1,1.691,39.14
9.095,13,0,1.641,35.28
14.519,21,0,0.878,31.7
13.684,5,1,1.418,48.17
12.117,8,0,2.487,72.23
15.079,12,1,1.831,66.31
2.739,18,0,2.188,12.79
3.15,13,0,1.612,12.27
10.474,12,0,1.891,48.17
10.876,5,1,1.257,33.39
13.166,3,0,2.079,68.12
8.42,4,0,1.271,27.33
4.296,21,1,1.034,11.63
10.133,7,1,1.31,31.99
10.393,10,0,1.895,49.4
8.111,15,0,0.828,17.19
18.807,20,1,1.778,80.76
9.989,2,1,0.841,23.73
12.827,20,0,1.725,51.19
14.534,13,0,1.571,53.79
13.853,22,0,1.079,35.04
5.402,5,1,0.914,12.08
19.073,8,0,1.621,73.04
10.891,1,1,2.035,53.63
15.36,23,0,0.875,33.01
9.109,4,0,2.383,53.29
13.704,13,1,1.135,35.85
13.992,5,0,2.167,76.48
8.806,10,0,2.262,47.38
12.525,19,0,2.065,60.61
11.385,7,0,0.811,21.2
11.929,0,1,0.722,19.07
5.112,15,0,2.453,27.67
2.385,16,1,1.792,7.43
14.194,2,0,1.539,55.36
15.713,12,1,1.207,45.42
14.862,5,1,1.433,51.7
13.968,9,1,1.463,49.69
15.342,10,0,1.242,46.32
8.614,8,0,1.109,21.56
12.546,4,0,0.82,25.63
15.866,11,0,1.79,68.01
20.0,4,0,2.339,115.0
17.676,5,1,1.977,83.59
10.423,8,1,2.693,67.59
7.882,13,1,0.813,15.23
8.79,17,0,2.482,53.16
5.821,18,1,1.708,24.43
20.0,15,1,1.893,92.07
20.0,8,0,2.729,132.83
11.812,5,0,1.202,33.45
3.002,22,1,2.17,13.85
18.206,9,0,2.124,92.05
6.413,0,1,2.124,32.93
11.954,0,0,1.797,52.32
2.304,2,1,1.798,8.9
16.312,13,1,1.713,65.38
11.576,11,0,1.931,54.24
13.628,22,1,2.022,64.78
13.968,19,0,2.454,83.65
4.733,20,0,2.856,33.51
15.865,6,0,1.978,73.77
9.59,5,1,1.474,36.07
6.302,18,0,1.399,23.76
15.366,5,1,0.966,36.93
20.0,19,1,2.337,110.2
12.479,6,1,1.787,54.42
13.41,7,0,0.884,25.88
6.23,21,1,1.026,14.08
6.167,3,1,1.921,25.3
5.95,12,1,1.005,14.94
9.161,18,0,1.374,29.99
5.742,7,0,2.229,30.08
10.776,15,0,1.61,44.48
7.143,21,0,1.004,18.76
16.391,6,0,0.873,36.33
4.604,10,0,1.232,14.69
6.707,0,1,0.892,15.51
19.916,3,1,2.047,99.42
14.375,18,1,1.011,34.73
13.238,10,0,1.149,37.33
2.656,9,1,1.494,7.21
2.209,14,1,1.132,6.13
9.889,13,1,1.882,46.54
8.169,4,0,1.095,19.41
18.474,1,1,1.798,79.3
14.54,11,1,1.629,59.61
13.647,5,1,1.866,60.65
16.194,7,0,1.952,74.73
9.118,21,0,1.606,35.77
14.675,22,1,1.368,48.88
3.602,21,1,1.614,19.75
10.203,9,1,2.297,56.52
4.57,8,1,2.241,26.66
9.069,19,1,2.25,48.33
5.42,8,1,1.741,22.48
14.628,21,1,2.107,72.0
7.563,17,0,1.299,21.16
8.64,10,0,1.531,32.2
4.395,11,1,1.616,16.31
11.715,15,0,1.651,46.58
14.181,4,0,2.487,82.21
16.846,5,0,1.629,69.56
3.36,8,0,2.722,23.2
9.393,20,1,1.738,41.41
20.0,11,0,2.316,111.27
16.497,11,1,0.917,34.47
6.655,9,1,1.843,27.62
8.999,15,1,1.868,40.1
20.0,7,0,1.159,57.39
16.259,20,1,2.47,96.63
15.926,0,0,1.973,74.12
9.769,20,0,1.705,40.72
8.781,4,1,1.991,43.85
1.673,6,1,1.992,9.46
13.108,17,1,2.113,65.82
3.757,18,1,1.233,9.52
16.208,8,0,2.049,80.88
18.342,11,1,1.372,60.22
20.0,4,0,1.359,68.16
7.968,3,1,1.332,23.18
8.696,13,0,0.992,20.53
14.42,18,1,1.297,44.38
10.071,23,0,1.621,36.06
4.868,21,0,2.462,29.0
7.788,3,1,1.732,32.39
4.955,19,0,1.066,14.06
10.345,5,0,2.077,51.0
6.554,7,0,1.58,26.07
1.231,3,1,1.86,7.01
18.198,19,1,2.706,118.38
6.564,1,0,2.235,33.95
7.368,3,0,0.804,16.44
10.033,11,0,0.878,21.56
13.735,6,0,2.381,79.21
10.018,3,1,0.791,17.52
9.493,16,0,2.439,53.89
13.569,18,1,2.775,91.0
3.067,21,1,1.491,7.75
12.551,8,1,2.853,87.55
14.204,9,1,2.352,79.87
16.338,9,1,2.768,110.13
13.147,22,0,2.093,67.8
8.817,21,1,2.063,43.43
6.446,8,0,3.214,49.83
18.605,6,0,1.41,60.96
10.172,12,0,1.669,41.34
12.876,12,1,1.357,42.49
5.735,14,0,2.35,30.12
2.269,19,0,2.755,16.22
9.943,16,0,1.441,34.11
6.659,8,0,1.771,28.08
12.131,19,1,1.912,54.81
4.765,7,0,1.685,19.47
10.314,21,1,1.227,29.5
11.761,17,0,0.995,27.45
19.31,10,1,2.758,128.72
9.223,16,1,1.507,31.63
11.129,3,0,2.452,65.39
7.085,20,0,2.952,49.56
9.853,20,0,2.691,63.95
8.269,1,0,2.15,40.84
8.086,13,1,0.746,13.77
1.777,23,0,1.991,11.59
14.354,14,1,1.325,47.14
7.172,12,1,2.189,39.07
9.201,0,0,1.009,24.07
13.67,9,0,2.694,89.51
9.726,7,1,1.017,22.96
14.954,17,1,1.706,63.25
16.452,11,0,1.941,77.64
4.077,15,1,1.222,10.72
16.459,5,0,1.332,50.69
9.089,11,0,1.955,41.81
13.035,20,0,2.9,92.23
7.514,20,0,2.648,50.02
1.447,6,0,1.738,4.2
4.644,11,1,1.062,12.17
5.057,16,0,1.927,20.97
13.542,16,0,1.559,52.23
9.602,11,0,1.172,30.31
2.658,6,1,1.314,11.08
6.407,20,1,2.597,38.4
2.919,11,0,1.678,9.42
8.239,15,0,1.653,34.98
9.437,6,0,1.118,23.77
18.136,15,1,1.453,65.05
8.837,4,0,1.029,18.68
18.554,12,0,2.293,101.88
12.766,19,1,2.661,82.88
12.916,21,1,0.977,32.76
16.776,12,1,0.922,38.95
2.4,5,1,2.099,12.28
2.881,2,1,1.729,13.48
18.018,13,1,2.058,87.94
5.454,12,1,1.621,21.09
14.545,7,0,1.282,42.2
16.381,0,0,1.684,65.47
15.52,18,1,1.456,54.94
8.506,12,0,1.502,31.04
5.497,11,1,1.846,22.67
4.786,22,0,0.97,8.52
11.267,12,0,2.167,58.47
8.979,8,0,1.86,38.21
6.499,19,0,3.13,47.29
12.049,21,1,1.018,29.82
5.015,20,0,3.196,36.72
10.367,12,0,1.68,41.76
20.0,11,1,2.194,104.74
6.574,18,0,1.617,24.92
20.0,8,1,2.317,111.6
5.778,14,1,2.092,30.12
12.223,22,0,2.16,62.06
7.321,8,0,1.675,27.42
5.943,6,1,1.0,15.74
12.927,7,0,2.284,71.12
10.214,2,1,1.659,41.65
16.098,19,1,1.915,77.18
8.684,8,1,1.378,28.42
9.645,17,0,1.654,36.5
15.401,22,0,0.82,31.73
2.625,8,0,2.252,14.33
3.958,22,1,1.279,13.83
10.996,21,0,2.184,57.15
8.065,23,0,1.604,28.39
9.626,20,1,2.498,57.11
7.146,8,1,2.605,46.5
8.341,17,1,1.247,23.77
2.443,17,0,2.465,15.19
10.115,14,0,1.448,34.67
15.11,20,1,2.624,97.24
4.618,9,1,2.14,21.24
8.186,14,1,0.976,21.09
13.999,23,0,1.158,38.37
20.0,16,0,0.977,47.29
9.173,7,0,2.054,44.49
11.522,10,1,1.865,51.85
17.175,22,0,1.804,71.98
5.623,11,1,1.546,21.53
10.388,9,0,1.04,27.1
11.574,15,1,0.734,17.72
7.125,11,0,1.5,24.25
8.629,8,0,1.973,40.31
14.933,21,1,1.156,41.29
12.147,20,1,2.165,60.38
11.934,1,0,1.116,32.92
15.548,15,0,1.381,52.25
16.612,1,1,0.843,33.6
7.403,8,1,2.583,45.06
2.825,14,0,2.054,15.56
4.789,21,1,2.152,25.09
13.493,3,1,1.456,46.73
20.0,13,1,0.743,37.02
11.092,1,1,1.773,48.65
10.222,20,0,1.172,30.88
11.696,7,1,2.222,62.98
14.474,11,0,1.226,40.15
11.989,15,0,1.763,49.46
2.901,5,0,1.703,11.5
7.422,20,1,2.395,44.21
10.917,17,1,1.011,25.08
15.075,13,1,0.889,31.61
1.648,15,0,0.968,3.75
6.361,22,1,0.795,12.57
14.293,2,1,1.946,69.08
19.712,11,0,2.2,104.04
20.0,3,0,2.033,98.0
1.164,20,0,2.274,4.03
3.196,13,0,1.084,7.42
5.9,19,1,2.793,41.09
13.639,23,1,1.651,52.95
14.612,8,1,2.849,98.47
9.535,9,0,1.704,39.48
4.501,22,1,2.126,21.02
2.753,8,1,2.705,17.73
6.239,18,0,2.663,39.43
12.481,3,1,0.777,20.65
10.561,10,1,2.686,64.91
14.032,0,1,0.803,28.43
0.913,22,0,1.06,1.0
15.643,13,1,1.923,67.62
10.817,17,1,1.122,27.83
12.018,12,0,1.754,51.55
17.524,13,1,1.768,73.69
4.978,20,0,2.741,32.41
16.991,19,0,2.013,83.08
1.672,23,0,1.213,4.37
5.438,10,0,1.714,21.05
11.357,17,1,1.673,45.85
9.515,21,0,1.234,29.12
14.126,2,1,1.73,59.04
17.097,9,1,1.396,54.26
17.575,5,0,1.651,72.44
16.435,16,1,1.23,47.84
6.592,16,1,1.962,31.59
6.015,0,1,1.065,14.56
8.588,20,0,1.962,41.7
6.765,14,0,1.151,19.9
11.346,16,0,1.531,43.12
6.902,5,1,0.824,11.3
15.848,10,1,2.848,107.82
11.721,23,1,0.952,27.1
15.092,19,0,2.358,86.14
15.105,4,1,1.809,63.53
6.943,0,1,2.174,38.31
9.128,5,1,2.047,43.51
4.17,23,1,1.822,18.32
8.805,20,0,2.191,43.61
15.799,23,0,1.748,67.13
12.318,12,1,1.904,56.08
8.801,14,1,0.858,19.01
14.076,17,0,1.468,49.45
9.836,2,1,1.216,29.0
10.785,2,0,2.001,51.36
6.365,5,1,1.562,23.39
15.138,4,0,2.277,83.75
8.209,20,0,1.3,27.74
10.963,14,1,2.029,53.23
8.015,13,1,0.841,16.14
7.415,17,0,0.883,17.02
14.02,9,1,2.767,94.84
5.754,19,0,3.176,43.84
6.862,2,1,2.01,31.69
7.698,10,1,1.98,35.88
12.603,15,1,1.373,39.6
9.333,4,1,1.515,32.76
13.798,0,0,0.841,26.55
14.193,13,1,0.79,25.3
13.027,2,1,1.179,39.08
12.878,12,0,2.214,69.42
13.194,4,1,0.958,33.0
12.47,13,0,2.22,65.7
3.772,11,0,2.448,24.46
19.482,5,1,1.007,49.01
14.518,2,1,2.062,73.6
6.138,5,0,1.436,22.14
17.535,4,0,1.378,58.24
11.345,3,0,1.149,32.73
12.396,19,0,1.777,53.19
12.83,0,1,1.697,52.52
11.148,8,0,1.388,38.11
19.427,17,1,1.561,72.29
14.977,10,1,1.037,40.83
10.166,2,1,1.32,31.31
7.702,10,0,2.616,45.31
8.01,14,0,0.958,19.17
15.08,15,0,2.411,85.05
10.703,5,1,1.927,50.72
7.148,5,1,1.895,31.4
17.494,3,1,1.571,67.1
8.387,5,1,1.307,26.86
5.595,13,1,1.553,21.05
14.039,18,1,1.583,55.54
4.742,19,0,2.555,26.79
10.231,4,0,2.087,49.66
8.807,14,0,1.15,25.21
5.726,22,1,2.235,29.83
4.882,9,0,1.856,21.27
7.693,0,0,1.534,28.17
5.061,13,0,1.926,22.44
18.126,21,0,1.028,44.89
17.125,13,0,0.944,37.82
7.821,5,1,1.499,26.93
6.765,19,0,2.317,38.25
1.308,1,1,1.798,4.74
14.449,23,1,1.431,52.41
17.373,2,1,1.658,70.62
19.918,15,1,1.364,67.81
19.821,23,1,0.814,38.06
18.58,23,0,1.288,58.96
15.988,8,0,2.679,103.66
5.747,11,0,1.244,16.63
18.262,4,0,2.224,95.82
9.536,23,0,1.158,26.38
16.394,12,1,1.181,45.1
8.687,22,1,1.446,32.01
10.864,16,0,0.966,27.57
8.575,20,1,1.602,32.9
7.468,23,0,1.684,30.86
20.0,0,0,0.82,39.95
3.653,0,0,0.897,8.27
10.173,3,0,0.947,21.97
9.079,3,0,1.231,25.93
3.83,8,1,2.313,19.99
14.037,12,1,2.244,73.36
14.631,6,1,0.993,34.03
13.832,22,1,0.878,29.19
4.65,15,0,1.91,21.73
4.872,0,1,1.452,16.97
15.725,7,0,1.454,53.88
19.754,9,1,1.046,47.16
14.613,10,0,2.899,101.75
17.125,9,1,2.719,110.52
13.26,23,0,1.038,33.87
11.828,9,1,1.998,58.96
8.809,1,1,1.925,41.43
7.758,17,0,2.06,38.55
13.824,0,1,2.108,69.12
17.38,3,1,1.655,68.28
1.057,19,0,1.179,3.39
15.434,21,0,1.347,51.18
20.0,2,0,1.266,60.79
8.614,4,0,2.145,43.43
14.422,2,0,0.812,30.22
10.17,15,0,1.15,27.03
9.555,19,0,2.358,53.65
9.268,17,0,1.126,23.03
8.474,17,0,1.589,31.6
14.443,15,1,0.99,33.58
4.755,13,1,1.231,14.91
20.0,0,1,1.508,70.0
10.697,13,0,2.07,54.02
4.584,6,1,2.084,22.28
2.947,6,1,0.992,5.86
1.737,1,0,1.277,6.51
8.933,7,1,1.644,35.76
15.565,2,1,2.031,73.81
3.844,8,0,2.653,24.38
12.557,4,0,1.51,44.39
18.039,13,1,1.453,63.75
5.039,23,1,2.173,23.63
12.131,15,1,0.968,26.28
16.571,22,1,1.003,40.38
12.761,20,0,1.891,57.23
9.339,18,0,2.781,60.61
20.0,21,1,2.079,100.87
10.568,2,0,1.035,27.18
7.981,18,0,2.705,51.9
13.727,11,1,1.412,45.21
5.853,17,1,1.412,18.31
15.978,14,0,0.936,37.56
3.728,8,0,2.581,20.03
8.383,17,0,1.606,32.37
13.909,0,0,2.219,72.74
5.69,21,1,1.421,19.24
6.177,7,1,1.289,18.42
19.114,5,1,0.999,48.64
16.307,5,0,0.999,41.05
8.421,21,1,2.216,44.72
18.478,3,0,1.488,65.14
12.984,16,1,1.71,53.3
15.244,18,0,2.807,102.24
3.424,21,0,1.324,7.52
14.646,1,0,1.792,63.6
10.087,21,0,2.459,62.99
4.661,1,1,1.328,14.52
5.85,14,0,1.167,14.83
12.014,5,1,1.835,50.46
17.748,16,1,0.821,36.44
20.0,8,1,1.284,59.74
2.544,15,0,2.199,13.88
5.232,7,0,2.145,27.65
11.498,9,1,1.293,36.72
19.673,15,0,1.818,84.74
15.047,3,1,1.504,55.63
17.893,10,1,2.683,115.81
14.274,9,1,1.989,68.83
7.475,3,0,1.724,32.89
7.558,3,1,1.98,33.89
8.035,10,0,1.266,25.02
9.538,16,0,1.509,35.43
17.56,11,1,1.777,75.94
6.856,9,0,2.685,45.42
16.828,9,0,1.504,62.3
18.079,13,0,1.134,49.01
13.007,8,0,1.186,35.79
12.837,5,1,0.765,21.38
4.378,11,0,2.254,24.08
15.261,16,0,2.017,71.85
5.704,23,0,2.371,35.03
6.458,3,0,2.219,32.99
10.392,10,0,2.07,49.88
8.977,15,0,1.454,31.11
5.512,7,1,1.165,16.0
9.568,5,0,2.498,56.59
10.87,2,0,1.044,25.6
20.0,6,1,1.026,50.44
13.597,15,1,1.89,61.89
9.624,21,1,2.231,49.52
1.355,15,1,1.073,3.83
16.565,5,1,1.645,65.27
11.098,21,1,1.933,52.14
12.123,17,0,2.419,72.5
19.666,10,1,1.816,86.64
13.009,13,0,1.331,41.77
6.67,17,1,1.448,24.27
13.106,11,1,1.21,36.66
18.939,23,0,2.101,94.45
18.27,7,0,1.199,51.53
17.44,3,1,0.98,40.61
3.18,0,1,1.62,12.26
13.777,15,0,1.974,65.77
16.038,13,0,1.645,65.0
4.906,9,1,1.031,13.65
3.576,3,1,1.138,9.73
4.74,2,1,1.492,16.29
2.409,21,0,2.298,15.39
9.82,21,1,1.13,24.86
3.959,1,0,1.419,11.41
12.307,13,1,1.208,35.93
14.526,8,0,1.937,67.05
12.753,14,1,1.577,46.26
2.938,8,0,2.464,18.22
20.0,2,1,1.64,80.91
7.71,23,0,1.201,19.84
10.514,18,1,1.923,50.25
8.373,23,0,2.39,49.13
3.278,13,1,2.04,17.79
7.849,7,1,2.066,39.55
10.208,0,0,2.231,52.78
11.038,9,1,2.732,69.35
10.144,0,1,2.139,53.18
14.349,5,1,1.686,57.44
17.757,2,1,1.441,58.94
2.505,22,1,1.495,10.48
10.601,14,0,2.095,52.71
13.042,9,1,2.081,64.41
16.792,20,0,2.912,116.3
10.176,21,1,1.943,45.01
9.031,18,0,1.086,25.43
12.495,8,0,1.15,34.76
12.548,5,0,0.824,22.26
15.218,6,0,2.408,87.54
2.707,13,0,1.82,13.05
7.998,9,1,1.404,26.92
8.322,2,0,1.597,34.71
4.133,19,1,1.081,7.79
11.662,11,0,0.809,21.18
19.287,1,0,1.242,57.47
17.664,10,1,1.218,51.97
15.906,13,1,2.101,80.52
15.968,13,0,1.336,53.76
11.307,1,0,1.053,28.48
13.106,13,0,2.492,78.77
5.097,23,0,1.01,12.17
13.81,16,1,1.582,51.89
6.187,2,0,2.106,30.38
15.025,21,0,1.47,49.9
20.0,21,1,1.415,65.92
20.0,20,1,1.582,75.67
19.455,20,1,1.579,71.29
20.0,12,1,0.992,50.57
2.172,9,0,1.307,6.15
7.411,21,0,1.41,26.27
5.428,19,1,1.115,15.35
7.339,2,0,1.673,31.68
7.27,20,0,1.682,28.98
14.838,4,1,2.008,70.25
0.61,13,1,0.865,1.09
10.937,2,0,0.994,25.58
9.704,9,1,2.104,48.2
8.756,5,0,1.115,23.38
7.752,3,0,1.092,18.27
10.221,19,1,1.538,38.54
3.113,2,0,1.03,5.78
16.627,0,0,1.618,65.25
16.511,14,0,1.606,64.51
10.877,15,1,0.75,18.52
9.915,3,1,2.219,53.15
6.658,9,0,2.117,31.83
5.889,22,0,1.698,24.18
13.805,13,1,0.899,28.23
8.533,15,1,1.39,26.97
7.621,22,1,0.921,16.2
6.659,15,0,1.857,31.96
14.824,6,0,1.83,66.35
18.148,0,1,2.068,90.98
17.776,1,0,1.374,59.44
11.229,1,1,2.091,57.07
16.007,1,1,1.942,77.07
8.254,3,0,1.662,32.35
4.834,23,1,1.803,21.06
17.188,3,0,1.546,62.04
3.87,10,1,1.94,19.27
4.542,16,1,1.924,21.72
19.617,16,1,2.164,99.47
14.83,12,0,1.538,55.65
11.978,18,0,3.201,94.68
10.293,22,1,1.824,44.72
15.752,19,0,2.588,96.87
2.979,20,1,2.478,18.05
9.693,23,0,1.685,38.19
7.371,0,0,2.314,40.67
6.56,13,0,2.044,32.82
16.891,14,1,1.596,63.71
9.462,18,0,1.814,40.63
2.981,7,0,1.357,12.28
14.982,22,1,1.988,71.93
10.056,16,1,1.62,39.36
6.029,13,1,1.774,27.98
6.589,14,0,2.446,37.89
4.281,1,0,2.405,22.19
11.156,1,0,1.0,29.48
6.771,4,0,2.132,31.55
9.315,0,0,1.731,40.36
10.555,14,1,1.915,46.16
6.29,14,1,0.948,14.68
10.676,12,0,2.33,59.47
11.151,5,0,1.772,47.82
12.533,17,0,1.127,32.46
3.552,0,0,1.919,15.03
15.839,22,1,0.85,31.0
8.221,5,1,0.757,14.66
15.188,17,0,1.285,47.9
20.0,10,0,1.1,55.14
5.834,10,1,1.683,23.92
9.916,16,1,2.173,51.03
8.014,0,1,1.689,32.74
10.64,20,0,1.713,43.6
5.603,4,1,1.547,21.35
20.0,14,1,1.719,83.5
17.286,8,1,2.923,121.85
15.892,2,1,0.857,31.83
3.338,13,0,1.838,15.99
12.314,14,1,1.096,32.05
12.678,0,0,1.899,59.48
11.695,22,1,1.887,52.98
14.073,0,1,1.749,57.4
16.529,22,0,1.012,42.34
13.416,8,1,1.317,43.25
15.049,1,1,1.474,51.32
17.169,20,1,1.157,47.36
15.716,19,0,1.184,46.42
10.286,7,1,1.014,22.98
9.801,14,0,2.394,52.13
13.101,13,1,1.139,35.11
15.613,8,1,1.995,73.23
9.544,0,0,2.463,55.89
9.115,3,0,1.616,35.62
6.46,8,0,1.278,19.92
20.0,19,1,2.456,119.24
15.702,1,1,1.199,45.51
13.943,20,1,1.067,35.25
9.19,3,1,1.077,21.96
19.956,19,0,1.791,84.47
13.942,6,0,0.975,32.15
9.905,8,1,1.773,41.84
12.727,1,0,1.33,37.12
9.515,4,1,1.192,28.72
8.574,21,0,0.897,15.62
15.373,6,0,1.381,50.81
7.226,10,1,2.161,36.71
14.417,0,0,1.978,68.89
10.844,10,1,1.344,36.81
7.445,9,1,1.323,27.8
18.753,6,1,0.986,46.19
11.011,8,0,1.086,27.13
5.772,6,1,1.418,18.66
14.085,13,0,1.001,34.91
17.294,22,1,1.206,48.15
7.632,9,0,1.764,33.23
18.26,18,1,1.352,60.73
13.835,20,1,1.928,64.83
7.55,22,1,1.445,24.31
13.829,14,0,1.473,47.85
5.972,11,1,1.562,22.81
3.814,19,1,1.784,16.79
7.705,12,0,1.105,20.66
13.645,20,0,2.777,93.08
19.056,6,1,1.021,46.08
12.041,4,1,0.733,22.3
13.507,12,0,1.602,49.41
7.083,15,0,1.677,28.3
5.95,2,1,2.014,25.53
12.541,4,0,1.319,41.26
3.333,7,1,1.371,11.01
5.714,1,0,1.061,12.01
8.936,19,1,2.886,62.31
12.046,14,1,0.863,26.37
3.107,15,0,1.117,11.82
8.942,1,1,1.513,34.11
14.717,3,0,1.712,59.91
20.0,13,1,0.963,46.3
11.466,14,1,1.029,29.93
13.932,18,1,1.851,61.81
6.997,14,1,1.791,29.78
14.655,19,1,1.847,63.73
8.645,1,0,2.305,49.53
10.54,6,1,1.349,36.73
15.155,16,1,1.347,49.53
18.309,14,1,1.246,55.62
8.115,22,0,1.356,26.4
8.748,4,1,1.975,39.74
18.365,9,0,2.222,97.45
14.932,6,0,2.318,83.43
11.414,16,0,1.464,39.93
17.229,11,0,1.14,47.6
15.488,21,0,1.175,45.65
15.526,3,1,1.214,43.42
8.176,13,0,1.195,24.49
8.622,7,0,1.919,40.52
7.301,13,1,1.894,28.62
6.365,8,0,2.366,36.15
8.635,22,0,1.364,26.22
10.725,19,1,1.697,41.33
14.802,7,0,1.848,66.67
13.86,11,1,1.174,38.27
14.274,19,1,2.406,81.86
5.04,20,1,2.429,30.45
10.6,1,0,2.162,54.66
15.471,2,1,0.827,29.71
8.479,2,0,1.807,38.48
11.784,23,0,1.216,31.37
4.585,20,0,1.641,18.18
17.917,16,1,1.883,80.38
19.522,2,1,1.631,77.79
4.695,19,1,1.079,14.14
5.478,0,1,1.472,22.53
11.905,18,0,1.943,53.92
10.371,6,1,2.184,54.7
9.213,1,1,2.138,44.78
19.167,20,0,2.581,118.03
4.732,21,0,0.821,8.4
5.805,18,0,2.186,31.05
18.23,21,1,1.617,72.19
4.81,3,1,1.966,22.57
19.482,15,0,0.965,46.13
8.33,13,0,1.1,22.3
8.461,6,0,1.142,23.92
12.865,13,1,1.679,49.7
4.717,10,0,2.334,24.3
14.597,0,0,0.965,33.61
3.681,15,1,1.645,14.5
7.161,7,1,1.738,29.49
6.205,22,1,1.83,27.6
15.604,8,0,1.854,67.82
12.886,10,0,2.441,73.99
6.462,7,1,1.332,20.19
11.237,22,0,2.048,54.84
7.178,18,0,1.323,23.15
8.678,14,0,1.62,32.52
15.972,22,0,0.979,37.9
12.165,23,1,1.739,50.75
8.041,20,1,1.116,20.45
7.741,12,1,1.72,29.12
16.265,8,0,1.683,66.75
10.81,4,1,2.18,57.43
15.489,12,1,1.209,43.45
7.248,12,0,1.715,31.53
17.254,15,1,0.946,38.64
20.0,16,0,1.265,63.15
8.49,9,1,1.053,21.77
13.084,23,0,2.369,73.6
10.936,21,0,2.485,63.92
11.828,16,1,1.152,32.3
14.436,10,0,2.918,100.68
12.211,4,0,1.171,32.71
16.441,18,0,2.539,101.03
10.028,3,1,2.21,53.14
20.0,18,1,2.865,136.44
13.36,5,1,1.907,60.06
20.0,20,1,1.483,70.38
14.088,16,0,0.839,27.19
7.461,18,0,1.889,36.15
11.509,17,0,1.489,41.13
8.035,16,1,0.818,16.74
8.789,21,0,1.107,21.76
12.154,3,0,1.019,29.96
11.996,16,1,1.276,37.6
12.148,9,0,3.131,88.69
5.213,16,1,1.647,20.29
13.002,1,0,1.041,33.13
11.503,23,1,0.834,22.2
14.431,2,1,1.755,61.56
1.461,20,0,2.619,8.88
9.514,4,1,2.238,50.8
10.671,17,1,0.821,21.16
7.04,7,1,0.735,9.59
12.243,23,1,1.621,50.38
13.793,9,1,2.144,71.71
15.032,17,1,1.45,51.74
9.045,4,0,1.444,31.3
14.161,19,1,2.342,79.1
16.631,8,1,1.971,78.02
7.176,10,0,2.443,38.73
6.562,2,1,1.568,21.64
11.728,15,1,1.508,42.58
11.541,19,0,3.053,84.5
10.196,16,0,1.833,42.47
3.473,7,0,0.928,8.69
12.788,3,1,2.118,63.49
14.13,9,1,1.52,52.1
15.157,20,0,3.107,115.42
20.0,14,1,1.176,57.56
15.879,6,0,1.699,65.63
7.884,21,1,1.066,19.17
8.642,14,1,0.968,20.84
8.526,6,0,1.122,24.42
18.876,15,1,0.902,41.23
8.366,12,1,0.921,21.06
7.104,1,1,1.377,22.79
5.951,2,1,1.099,16.73
14.374,7,1,1.024,36.78
6.004,5,0,2.487,34.06
17.294,4,1,0.747,29.85
7.751,22,0,1.177,21.42
9.318,11,1,1.098,24.79
20.0,10,0,1.671,79.8
2.09,3,0,1.937,11.73
14.667,11,1,1.085,37.85
15.462,1,0,1.128,43.82
14.994,9,1,2.904,105.23
11.331,17,1,2.089,59.1
16.324,13,0,1.084,41.87
5.1,6,1,1.477,21.96
10.281,16,1,1.581,37.42
14.069,0,1,1.491,51.64
3.023,8,0,1.418,11.35
20.0,8,0,2.46,118.38
17.262,11,1,1.217,53.34
14.453,1,0,2.201,75.31
0.954,17,0,2.028,3.27
11.262,14,0,1.351,33.17
15.253,14,0,2.041,73.93
6.256,5,0,1.768,26.89
14.923,5,1,1.772,63.77
4.971,23,0,2.035,25.06
14.86,0,0,1.025,36.69
11.965,3,1,2.025,56.97
20.0,5,1,1.228,59.21
13.228,3,1,0.877,28.26
20.0,7,1,1.31,62.12
5.258,3,1,0.979,13.34
19.458,19,1,1.171,57.69
16.022,19,0,2.542,96.17
4.466,11,0,1.261,12.07
12.082,4,0,1.344,38.99
9.981,2,0,1.782,43.87
12.085,10,1,1.779,51.29
2.724,20,0,1.887,10.56
10.592,22,1,1.526,38.23
18.799,11,0,1.146,52.53
17.21,11,0,1.301,52.59
18.444,7,0,2.207,98.47
18.545,13,1,0.803,36.01
8.25,5,0,1.05,21.49
9.076,15,0,2.072,46.0
6.426,20,0,1.674,27.54
17.856,13,1,1.568,69.76
8.358,13,0,1.262,26.54
18.161,12,0,2.198,96.61
20.0,15,1,1.719,81.28
8.454,3,0,1.417,29.57
12.458,3,0,1.16,37.97
16.506,2,0,1.758,69.89
20.0,0,1,1.87,91.47
5.182,21,0,1.363,16.5
10.246,0,1,1.45,35.93
2.14,22,0,2.303,11.53
9.661,16,1,1.405,33.41
13.714,21,1,1.086,36.65
1.166,15,0,2.168,7.96
17.981,3,1,1.2,54.15
15.067,2,0,1.105,40.1
11.819,4,0,2.452,68.4
4.572,19,0,2.014,20.01
7.493,21,0,1.855,33.2
9.012,0,0,2.25,48.44
7.606,2,1,1.433,27.01
16.379,23,0,2.36,95.03
13.302,15,0,1.994,62.46
10.029,15,0,1.888,45.29
7.468,13,1,1.047,19.1
14.458,8,0,1.225,43.88
13.257,21,1,1.002,32.51
8.441,9,0,1.479,31.57
11.72,22,1,1.979,55.06
8.723,18,0,1.755,40.29
14.861,14,0,1.649,58.51
13.037,23,0,2.48,80.37
11.824,23,0,1.514,41.94
5.164,6,0,1.429,16.88
7.448,14,1,1.348,25.05
5.775,3,0,1.58,20.57
5.148,21,1,1.69,22.24
16.98,2,0,0.952,42.28
12.242,20,1,1.937,57.28
8.952,14,1,0.895,21.51
3.366,20,1,0.951,4.8
12.964,8,1,2.604,81.45
17.7,4,1,2.006,83.74
12.013,18,1,1.417,41.82
6.009,4,1,2.215,31.79
11.894,3,0,1.657,45.53
13.042,10,0,1.246,37.07
16.784,19,0,2.304,95.2
9.864,20,0,1.696,40.54
11.874,8,0,1.648,48.89
12.127,19,0,1.277,36.32
8.886,11,0,1.464,30.91
5.313,12,1,1.689,21.56
14.889,21,0,0.999,34.95
20.0,8,0,1.466,71.53
11.017,11,0,2.328,62.35
8.222,6,0,1.393,27.63
5.833,16,1,2.131,29.83
12.261,18,1,1.265,38.24
7.393,19,1,2.559,43.93
1.776,2,1,0.976,2.73
13.016,20,1,1.728,56.04
4.133,11,1,0.942,11.14
16.116,6,1,1.588,60.96
3.493,17,1,1.816,16.21
7.625,20,1,2.293,39.43
6.578,8,1,1.173,19.61
7.762,0,1,0.747,14.33
10.261,1,0,1.374,31.91
18.125,9,1,1.567,67.81
16.623,14,1,2.018,81.03
16.37,0,0,0.881,35.33
10.41,6,1,1.969,49.23
3.477,1,0,0.882,6.96
7.094,4,1,0.903,16.49
14.921,13,1,1.742,61.29
7.05,15,0,0.956,16.03
9.503,7,0,1.981,46.75
7.963,15,0,1.379,27.15
11.003,9,1,2.239,59.54
10.701,19,0,2.764,70.4
0.779,18,0,1.366,4.32
16.948,21,1,1.258,49.45
8.439,12,1,1.497,31.45
14.778,9,0,1.93,68.84
2.916,21,0,1.899,14.31
4.774,3,1,1.066,11.95
13.027,23,1,1.478,46.68
15.763,5,1,1.851,70.91
15.175,5,0,1.365,46.01
17.882,2,0,1.955,84.95
2.598,15,0,1.603,10.27
10.87,4,0,0.97,25.38
6.972,17,1,1.735,29.0
11.772,21,1,0.893,26.88
15.578,7,0,1.407,54.54
12.765,12,0,2.441,75.17
4.505,16,0,1.251,12.17
13.573,1,1,1.996,62.2
9.868,11,1,0.889,24.47
11.326,17,0,1.316,35.96
16.017,9,0,1.158,43.95
11.369,9,0,3.148,87.38
5.665,2,1,1.055,12.96
10.786,3,1,2.128,55.32
14.178,18,0,2.55,87.03
11.642,20,1,2.022,57.26
14.461,14,1,1.491,51.18
13.505,17,0,2.428,77.39
9.851,7,1,0.915,19.76
7.228,0,1,1.955,33.4
19.892,20,0,1.777,85.85
12.303,21,0,1.993,59.55
13.023,21,0,1.312,39.31
16.789,0,0,1.826,77.78
7.592,16,1,1.318,25.14
14.092,8,1,2.645,88.89
4.85,23,0,1.09,12.59
13.736,15,1,1.742,55.53
8.362,13,0,0.848,15.15
18.216,19,1,1.021,45.14
10.829,8,0,3.21,81.57
4.588,2,0,1.915,23.39
0.5,4,1,1.921,1.0
9.549,19,0,2.313,50.16
15.454,10,1,2.099,78.1
4.686,15,1,1.215,13.18
15.257,3,0,2.038,71.61
14.95,23,0,1.551,58.32
11.772,3,1,1.298,38.62
5.329,6,0,1.538,19.53
17.903,21,0,1.146,50.41
7.769,5,1,1.011,15.9
11.278,17,0,2.163,56.59
16.639,3,0,1.648,66.59
5.524,9,1,1.713,20.8
8.424,16,1,1.331,29.28
4.588,8,0,1.111,11.35
20.0,10,0,1.561,75.39
19.098,1,1,2.221,103.73
16.959,8,0,1.27,51.06
5.905,7,0,2.383,36.36
4.333,0,1,0.8,8.75
9.128,4,0,1.545,37.24
3.06,7,0,1.801,10.66
14.732,18,0,3.23,116.58
15.388,1,1,1.255,46.57
10.724,15,0,1.916,52.46
14.024,7,1,1.811,62.59
14.637,16,1,1.208,41.75
13.511,2,0,2.35,76.04
11.947,3,1,1.829,52.54
15.449,0,1,2.0,73.74
7.391,1,1,2.027,35.75
3.737,21,1,1.535,13.96
17.826,19,1,2.771,120.84
5.735,13,1,1.917,24.89
4.728,23,1,2.034,24.62
8.01,12,1,1.861,35.14
20.0,8,0,3.247,156.04
7.985,8,0,1.315,23.95
7.307,14,0,1.548,23.33
16.416,2,1,2.092,83.26
13.797,8,1,2.665,89.7
10.073,1,0,1.964,48.98
18.402,1,1,2.212,100.58
18.865,3,0,1.662,75.53
9.839,21,1,0.829,18.49
10.364,20,1,1.872,47.11
20.0,4,0,0.981,47.38
1.61,6,1,1.991,8.95
9.392,2,0,2.43,56.7
6.133,3,0,1.832,26.87
9.913,18,1,2.748,64.11
20.0,22,0,1.557,77.08
19.744,2,1,1.72,80.19
12.547,17,0,2.12,62.83
8.722,9,1,1.56,34.03
8.69,5,1,0.744,16.28
16.205,23,0,1.015,41.03
12.633,12,1,1.262,38.61
10.977,10,0,3.237,87.64
1.199,13,1,1.879,6.1
2.857,16,0,1.059,9.27
9.539,23,1,2.165,49.68
7.527,16,1,1.156,19.01
16.395,23,0,1.532,61.96
10.426,5,0,1.289,31.2
6.807,3,0,1.933,31.67
18.849,0,0,2.432,107.4
12.306,18,1,2.392,69.98
14.956,22,0,1.555,54.77
17.358,11,0,2.065,86.52
5.304,14,0,2.002,24.13
14.436,17,0,2.414,86.76
12.257,7,0,1.251,38.4
16.605,16,0,0.805,34.34
8.055,13,1,1.658,31.31
15.079,7,1,1.742,62.24
2.93,9,0,1.524,13.83
7.805,13,0,1.1,19.86
14.475,4,1,2.005,71.0
10.008,13,0,1.756,40.64
3.269,13,1,1.119,10.41
5.333,7,0,1.711,22.48
10.627,4,0,2.415,63.06
12.721,2,0,1.682,51.54
8.012,22,0,1.293,25.64
11.151,0,0,1.653,45.46
11.309,20,0,1.115,30.25
13.499,2,0,0.926,27.24
16.11,17,0,0.962,35.94
8.534,23,0,1.314,26.12
14.673,12,1,1.377,48.76
10.386,12,0,2.488,63.53
4.688,14,0,1.782,22.6
8.19,4,0,0.962,19.31
13.964,4,1,1.663,53.37
4.481,9,1,2.595,28.31
13.001,8,0,2.709,85.04
1.128,16,0,2.366,4.59
6.753,16,0,1.083,13.84
7.962,15,0,2.073,41.15
5.612,9,1,1.975,25.52
3.079,19,1,1.969,13.6
17.724,23,0,1.079,45.54
16.256,0,1,1.793,68.3
5.767,19,1,2.118,31.27
19.558,9,1,2.099,99.37
7.539,17,0,0.932,18.26
11.154,18,1,1.593,44.62
11.777,19,1,1.352,39.31
17.726,15,0,1.35,57.44
11.411,21,1,1.22,32.67
4.322,9,1,1.992,20.66
2.575,8,0,2.896,16.28
7.085,11,0,0.843,13.69
8.489,6,0,1.45,30.62
14.283,9,1,1.123,40.75
14.091,1,1,1.702,53.57
15.522,0,1,2.246,86.61
8.297,17,0,0.865,20.35
19.851,13,0,0.895,43.23
15.255,6,0,1.366,48.48
10.964,11,0,2.399,60.29
16.208,16,0,2.039,80.73
5.138,23,0,1.329,17.21
14.181,2,1,0.855,29.92
13.344,5,0,1.17,36.99
8.422,21,0,2.071,41.76
5.869,13,0,2.22,29.98
15.755,14,1,0.861,31.7
3.443,5,0,2.414,21.08
16.363,13,1,1.708,66.58
6.407,8,0,2.174,32.31
13.79,16,0,1.608,51.92
9.965,3,1,2.05,49.3
8.509,3,0,2.352,47.45
16.249,18,1,2.39,94.78
8.917,15,1,1.179,28.26
10.963,8,1,2.116,55.1
8.94,22,0,2.418,51.12
19.227,4,1,1.422,65.27
17.237,9,1,1.096,45.42
17.678,11,0,1.611,69.38
8.814,15,1,1.992,41.44
14.839,10,1,2.567,88.95
10.172,15,0,1.177,26.74
11.398,12,0,1.897,50.29
5.1,10,1,2.237,26.28
8.274,13,0,1.078,21.96
15.447,21,0,1.915,68.75
13.334,0,1,1.72,56.59
13.692,23,0,1.826,60.54
1.465,11,0,2.135,5.96
13.573,4,0,1.373,46.56
13.702,1,1,1.151,37.05
9.525,21,1,1.106,24.63
14.698,0,1,1.217,43.99
12.554,23,1,1.1,33.73
9.599,14,0,2.362,54.75
7.323,1,0,1.355,25.81
15.035,23,0,1.374,50.08
5.732,23,1,1.824,25.07
8.132,9,0,2.574,49.64
7.984,8,0,1.652,30.68
15.123,0,1,1.726,60.83
11.948,3,0,1.182,33.63
5.222,13,1,1.548,18.38
5.505,14,0,1.585,20.9
15.91,18,0,2.435,91.96
14.761,11,1,1.166,40.43
6.149,13,1,2.244,35.17
15.145,7,1,2.129,78.78
20.0,18,1,1.291,63.49
14.756,13,1,1.869,64.44
11.243,20,1,1.935,53.21
10.768,9,1,1.248,33.32
17.23,21,0,1.452,58.95
8.524,19,0,1.346,23.5
11.059,7,0,1.768,43.13
12.93,20,1,2.034,65.03
16.308,22,0,1.349,50.57
8.676,7,1,2.234,47.69
4.877,5,0,1.586,14.71
20.0,16,1,2.039,99.29
3.311,20,0,2.009,16.63
14.999,23,0,1.418,50.66
12.925,8,0,2.636,80.0
9.495,15,0,1.25,27.36
6.61,10,1,2.307,38.62
3.783,1,0,1.052,9.29
11.504,5,1,1.447,40.99
10.329,4,1,2.034,50.39
19.195,11,1,1.45,67.87
9.432,16,1,1.521,31.96
8.408,12,0,1.937,41.46
3.473,19,0,2.476,19.61
2.003,16,0,2.06,11.21
18.873,16,0,1.262,59.96
9.211,16,0,1.216,26.19
13.524,7,1,0.991,33.35
10.694,4,1,0.813,20.72
8.215,17,0,1.342,25.8
9.146,6,1,1.179,25.14
20.0,14,0,1.801,84.79
13.017,20,0,1.766,53.29
3.623,17,0,1.38,11.22
3.217,0,1,2.087,14.52
8.99,21,1,0.865,19.54
17.738,7,0,1.322,55.24
4.031,19,0,2.302,22.77
3.925,5,1,2.184,21.29
4.937,8,0,3.102,33.84
4.135,23,1,1.408,14.49
7.201,12,0,2.447,40.64
20.0,6,1,1.171,58.37
9.284,17,0,2.156,46.84
12.915,23,1,2.177,66.38
12.86,22,1,1.102,36.01
11.326,14,1,0.89,24.03
4.26,13,0,2.286,21.71
5.617,21,1,1.572,20.14
15.134,22,1,2.185,77.68
9.477,11,1,1.024,25.28
15.482,4,0,1.892,67.85
16.696,11,0,1.762,71.79
12.64,17,1,1.152,34.68
10.743,5,0,1.776,46.27
12.85,21,1,1.971,57.72
14.776,18,1,1.839,65.89
4.734,12,1,0.73,8.43
4.059,21,1,1.535,14.69
14.633,22,0,1.121,40.14
20.0,4,1,2.181,105.7
3.003,9,0,1.978,13.79
10.766,14,0,2.218,60.8
10.033,12,0,1.56,36.73
14.032,18,0,1.4,47.75
16.392,10,1,1.316,54.45
6.775,0,1,1.949,31.44
2.0,2,1,2.167,9.78
5.023,0,1,1.836,21.26
2.804,0,0,1.682,12.39
4.723,9,1,2.164,25.84
14.554,4,0,1.421,51.97
8.943,8,1,0.993,20.11
16.976,4,1,0.791,30.78
18.361,2,1,2.232,99.77
20.0,17,1,0.926,42.73
14.744,21,1,2.184,75.99
14.863,18,0,1.318,44.32
13.405,9,0,1.592,50.97
1.185,14,1,1.883,6.42
12.252,12,0,2.15,64.38
17.762,7,0,1.474,64.57
15.279,12,1,2.239,82.22
9.419,20,1,1.607,37.22
6.688,21,1,1.888,29.58
15.216,17,0,0.961,37.88
7.134,14,1,1.567,26.38
15.303,16,0,1.041,37.13
7.303,18,0,2.809,46.87
14.26,11,0,0.97,34.28
13.809,19,1,2.643,89.44
19.738,16,1,2.087,98.09
18.73,9,0,3.08,138.61
16.329,4,1,1.978,77.78
8.684,12,0,1.223,22.77
13.418,12,0,2.034,63.59
3.933,20,0,2.191,19.52
10.659,14,1,1.978,48.61
13.718,8,0,1.883,61.47
13.193,22,1,1.88,59.65
10.032,21,1,2.0,48.85
11.277,8,1,2.736,73.19
8.323,22,1,1.091,20.77
10.238,22,1,1.578,39.53
7.008,18,0,2.312,37.65
5.696,19,1,2.558,34.88
9.242,1,1,1.964,43.15
14.705,18,0,1.093,39.23
4.361,8,1,2.564,26.61
10.52,1,1,1.421,37.05
6.613,10,1,2.434,38.57
6.459,11,0,1.338,19.6
12.666,12,0,1.25,41.12
10.862,5,0,1.349,36.67
7.825,17,0,1.477,29.01
15.553,21,1,2.024,76.38
13.921,23,1,1.659,56.5
19.269,7,0,1.935,89.22
19.737,20,0,1.361,66.22
15.613,14,1,1.571,59.86
4.878,12,1,1.801,21.08
18.075,7,1,1.547,69.14
8.491,18,0,1.254,26.62
9.938,3,0,2.024,47.84
8.26,1,1,1.667,30.93
11.383,17,1,1.575,44.33
4.43,23,1,1.592,17.41
6.957,22,0,2.477,41.7
5.055,16,1,0.941,13.02
14.091,19,0,2.614,87.91
10.21,23,0,1.223,30.56
14.675,20,1,2.385,83.68
6.587,12,1,0.932,15.31
11.943,8,1,1.116,31.93
7.109,3,1,0.751,13.82
17.011,5,0,2.438,99.4
15.597,2,0,1.12,41.91
9.503,21,0,1.82,38.67
18.492,14,0,1.858,81.02
15.31,9,1,1.15,41.45
1.227,19,1,2.801,6.42
12.161,3,0,1.375,39.4
9.772,15,0,2.241,53.39
18.344,22,1,1.878,81.92
4.41,12,1,1.297,12.77
3.76,12,1,1.481,13.65
4.177,2,1,2.085,19.7
13.731,1,0,0.88,28.69
16.316,23,0,1.665,66.11
13.136,5,0,2.011,64.31
6.954,6,0,2.371,40.02
20.0,5,1,1.985,93.28
11.225,13,1,1.033,29.91
13.509,13,1,1.297,42.58
19.127,1,1,0.917,41.29
12.906,15,0,1.112,32.75
15.975,17,1,1.156,47.49
17.178,6,0,1.743,71.08
20.0,12,0,0.942,45.23
8.242,23,0,1.551,30.96
7.645,1,0,2.413,42.07
17.434,6,0,1.465,62.02
9.707,14,0,2.281,54.17
11.882,4,1,0.807,22.39
10.164,11,0,1.044,24.05
8.909,12,0,2.257,48.29
10.852,18,1,1.498,38.61
5.416,19,1,1.622,22.74
9.426,4,1,1.695,38.22
18.418,11,0,1.534,67.67
10.037,4,1,1.038,25.43
8.509,12,1,1.276,25.37
11.264,6,1,2.098,58.05
3.896,6,1,0.936,10.45
11.311,1,0,1.169,33.11
7.967,5,1,0.756,14.99
12.054,20,1,2.08,62.04
10.93,23,0,2.096,52.94
10.123,3,0,0.946,23.15
0.998,10,1,1.34,3.82
4.564,14,1,1.238,14.4
14.225,4,0,1.506,49.37
10.898,22,0,2.459,63.91
12.847,4,1,1.443,41.97
11.779,18,0,2.029,57.72
14.783,10,0,2.999,107.14
12.176,21,0,2.435,71.48
18.587,19,1,0.968,44.38
11.166,16,0,1.632,42.76
15.644,14,1,1.236,45.72
14.219,19,0,2.664,95.74
19.689,1,1,1.786,83.02
13.153,11,1,1.565,51.73
15.846,2,1,2.038,77.76
11.707,2,0,1.772,49.6
12.928,23,1,2.051,63.0
3.678,21,0,1.841,15.66
20.0,5,0,2.021,98.35
3.518,20,0,2.092,18.53
18.098,9,0,2.018,87.04
6.453,6,0,1.995,30.87
16.645,5,1,1.692,65.89
10.675,23,0,1.702,42.49
9.891,2,0,0.907,20.16
12.052,22,1,0.738,23.38
16.531,11,0,1.768,69.94
9.977,15,1,1.555,35.94
15.647,13,1,2.066,76.39
2.078,4,0,2.054,12.64
11.296,12,0,1.479,42.74
1.546,3,0,1.465,5.67
3.047,9,1,1.389,7.76
6.087,1,1,2.191,32.21
9.138,7,1,1.95,42.54
12.517,13,0,1.818,54.75
7.622,4,1,1.585,28.71
15.419,10,1,2.501,92.6
8.982,4,1,1.916,38.33
7.41,18,1,2.707,46.7
14.388,10,0,2.21,73.17
20.0,6,1,1.809,87.59
11.098,0,1,1.265,32.29
14.194,17,0,2.201,73.65
16.379,23,0,2.05,81.51
3.172,0,1,1.119,11.05
18.291,2,1,1.431,63.55
4.03,3,1,1.418,13.25
1.974,10,0,1.314,7.51
9.066,20,1,2.222,46.93
11.335,9,1,2.061,53.24
12.877,2,0,1.058,31.39
7.353,11,1,0.844,14.58
14.211,22,0,1.732,59.54
10.963,8,0,1.569,40.1
16.105,7,0,2.415,91.83
14.939,20,1,0.974,35.1
13.097,18,0,1.502,45.46
11.52,11,0,1.475,40.89
9.4,12,0,2.219,50.21
17.639,12,0,1.906,79.13
10.121,3,0,1.459,35.92
4.037,23,1,1.994,17.89
17.751,18,1,1.367,55.47
20.0,6,1,2.169,103.07
18.34,17,1,1.936,86.09
20.0,0,0,1.853,91.2
13.252,5,0,0.891,25.5
14.166,2,1,1.359,48.74
18.714,6,0,2.363,106.49
16.605,15,0,0.824,33.79
9.208,22,1,0.817,18.62
7.268,1,1,1.382,23.19
14.358,8,1,2.366,81.73
17.123,6,0,1.972,82.9
18.078,22,1,1.932,79.2
15.941,11,1,1.976,74.19
11.273,20,1,1.746,46.83
11.828,4,1,1.754,46.59
13.169,20,1,1.833,60.01
10.198,20,0,2.363,55.1
0.56,6,1,0.845,1.0
2.285,3,0,1.233,3.36
3.949,10,1,2.027,18.09
1.56,23,1,1.772,7.71
11.716,22,0,2.318,65.11
10.783,22,1,1.09,25.88
6.226,0,1,0.905,15.09
10.523,3,1,2.166,54.58
5.011,19,1,2.199,26.26
9.221,11,0,1.235,24.68
8.163,11,1,2.242,44.36
19.064,8,0,1.223,55.59
5.672,15,0,1.349,16.01
2.863,3,0,1.963,11.61
6.416,8,1,2.53,37.71
13.409,16,1,0.986,28.93
8.766,2,0,1.62,34.95
12.186,5,1,0.787,23.58
12.78,22,0,0.973,31.08
18.289,14,1,1.281,56.13
11.724,15,0,1.274,35.56
11.379,21,1,1.446,38.37
20.0,5,0,1.558,74.75
17.375,21,0,1.79,74.95
12.23,11,0,1.667,49.22
5.644,9,0,1.746,23.72
10.576,5,1,1.566,41.47
12.921,16,0,2.264,71.85
16.864,20,1,2.801,114.11
7.289,10,1,0.991,15.7
10.947,4,1,1.661,40.58
4.133,5,0,1.818,17.43
8.216,4,0,1.428,30.67
12.753,9,1,2.765,85.65
8.48,17,0,1.598,31.19
5.617,20,0,1.596,21.38
7.68,7,0,1.392,26.85
9.354,8,1,2.268,51.7
12.147,21,1,1.81,54.69
6.481,3,1,1.697,27.12
7.353,7,1,1.461,28.33
10.15,19,0,1.598,41.62
20.0,15,1,2.15,102.63
7.871,8,0,3.209,59.42
7.386,3,1,1.883,32.13
20.0,17,1,0.915,45.96
5.286,3,1,2.215,29.49
10.723,19,1,2.781,70.91
18.308,12,0,1.721,76.49
15.173,8,1,1.184,43.14
15.653,8,0,1.047,40.86
9.121,14,0,1.195,27.03
16.859,12,0,1.72,68.34
5.209,16,1,1.213,13.09
10.518,19,1,1.271,32.1
1.574,22,1,2.095,5.68
8.873,2,1,1.811,40.68
13.126,13,1,2.111,67.48
17.231,5,0,2.251,93.71
6.057,12,1,0.793,11.85
11.297,16,1,1.413,40.65
1.169,7,1,1.197,2.28
18.995,23,0,1.29,58.67
10.397,6,0,0.915,25.04
13.945,23,0,1.06,37.11
20.0,8,0,2.147,104.24
15.749,19,1,2.077,77.6
3.523,7,0,1.888,15.98
15.697,21,1,1.562,58.28
7.453,16,1,1.923,31.87
11.938,15,0,2.168,60.79
6.885,19,1,1.697,27.94
6.061,4,1,2.044,30.04
9.278,7,0,0.828,18.66
8.137,14,0,1.507,31.02
18.814,9,1,1.042,45.59
1.965,16,1,0.782,4.01
20.0,9,0,1.064,53.09
11.203,11,0,1.562,43.47
5.6,11,0,2.162,26.39
7.088,17,0,2.498,40.89
4.485,23,1,0.94,10.2
9.914,0,0,1.131,25.91
7.714,17,1,2.235,42.51
19.272,7,1,2.12,102.53
1.144,10,1,2.628,8.33
12.296,21,1,1.526,44.71
3.449,19,0,1.54,14.45
5.667,12,0,2.419,33.13
14.62,7,0,2.297,80.63
10.872,12,1,1.587,44.66
15.554,21,0,2.117,79.5
10.667,10,1,1.171,29.75
5.903,18,0,1.936,28.15
10.526,12,0,0.971,23.53
6.22,2,0,2.486,38.05
7.798,22,1,1.739,32.56
5.104,18,0,3.224,37.4
16.68,3,1,1.628,63.33
6.737,2,1,1.647,26.5
11.757,1,1,2.024,59.26
7.312,16,1,1.169,20.1
4.207,10,0,1.572,14.41
8.588,3,0,0.983,19.45
14.162,22,1,1.386,47.38
18.324,18,1,2.801,123.58
3.926,1,1,1.316,14.05
7.125,10,1,1.2,18.71
12.018,22,0,0.813,26.9
12.247,10,0,1.133,34.44
6.79,1,0,1.874,31.92
17.291,15,0,1.159,47.0
8.79,18,0,2.001,44.13
11.119,17,1,1.544,41.23
9.961,15,1,2.141,50.74
16.238,18,0,2.033,78.55
19.258,8,0,2.213,104.35
14.147,13,0,2.43,82.88
8.887,23,1,1.896,39.31
1.988,17,1,1.913,11.23
4.902,0,1,0.842,7.21
20.0,23,1,0.979,46.67
12.68,9,1,2.921,90.0
16.625,3,0,2.421,98.96
16.106,10,0,2.146,83.99
7.289,19,1,2.498,43.3
13.614,0,0,2.487,81.76
10.491,6,1,2.236,56.37
10.814,16,1,1.045,25.72
13.15,2,0,2.219,72.41
5.513,1,0,1.57,19.71
20.0,20,1,1.762,86.67
9.948,17,0,1.808,39.78
4.417,3,0,2.136,21.92
12.711,9,0,2.578,77.78
12.251,2,1,0.835,24.1
8.586,4,0,1.416,30.37
13.298,5,0,1.79,57.54
10.298,2,1,2.107,52.3
17.168,9,1,1.121,44.95
18.051,15,0,1.598,71.35
2.356,17,0,0.939,6.38
16.645,6,0,1.088,45.35
10.253,0,1,1.602,39.06
7.461,12,0,2.203,36.58
16.07,18,1,1.472,54.42
5.44,3,1,1.624,19.1
4.483,18,0,3.177,34.21
5.372,12,0,2.441,33.84
6.379,3,0,1.503,22.12
5.48,13,1,1.729,24.11
11.286,6,1,1.26,36.17
6.461,8,0,1.998,28.81
15.027,16,1,1.032,38.16
12.25,16,0,1.797,53.62
2.417,8,1,2.852,16.33
12.566,12,0,2.477,76.41
11.634,11,1,1.776,49.28
17.678,3,0,2.328,100.94
20.0,19,0,2.427,116.61
7.437,18,1,0.939,16.74
13.051,8,1,2.102,64.3
13.906,19,0,3.007,98.75
2.059,17,1,1.475,5.54
5.223,1,0,1.594,20.79
10.794,17,1,1.819,47.32
13.402,3,1,1.704,55.83
17.719,19,0,1.247,53.01
14.411,8,0,2.493,88.24
16.15,6,1,2.078,81.97
5.617,11,1,1.571,22.22
18.447,21,1,1.015,45.4
17.396,9,1,1.058,43.18
9.528,23,0,1.423,32.65
8.493,5,1,1.298,23.93
15.78,13,0,0.944,36.08
8.217,22,1,2.076,41.43
11.841,14,1,0.983,28.79
14.084,0,0,1.49,48.97
13.943,3,0,2.331,78.31
18.729,18,0,1.157,54.3
18.532,1,0,1.211,52.55
5.167,5,0,1.527,18.5
1.095,20,0,2.185,5.33
4.404,5,1,2.239,23.26
7.254,21,0,2.267,39.36
16.64,22,0,1.617,63.97
4.524,1,0,2.023,23.26
10.54,9,1,1.253,31.6
8.122,9,1,1.975,38.59
6.593,12,1,0.782,11.52
3.687,8,0,1.875,16.17
12.92,3,0,1.502,46.09
5.109,1,1,1.194,15.59
15.435,13,0,1.209,46.5
5.964,0,0,1.014,17.02
16.393,17,0,1.245,49.98
8.334,15,1,2.067,41.35
4.424,7,0,1.944,21.63
13.52,16,1,1.344,44.21
1.157,16,1,1.047,3.85
5.388,12,1,2.167,27.42
17.541,5,1,1.927,80.47
5.314,6,0,1.937,23.44
6.489,16,0,2.112,33.14
4.668,5,1,1.227,15.4
3.225,21,0,2.488,18.97
15.037,11,0,2.208,79.64
11.906,3,0,0.961,28.76
5.768,17,0,1.831,25.98
10.057,10,0,1.127,29.1
7.397,19,1,2.444,42.7
1.58,16,0,0.818,4.42
20.0,3,1,1.911,92.34
13.253,15,1,1.124,36.25
6.161,13,0,2.3,33.37
8.086,19,0,2.827,53.5
12.265,9,0,1.551,44.31
20.0,23,0,2.401,114.98
11.903,10,1,1.768,53.43
11.097,13,0,2.21,60.78
8.576,12,1,1.386,28.65
18.05,0,0,2.405,103.72
5.973,12,0,2.191,31.52
6.304,5,0,1.232,17.16
9.93,13,0,1.625,39.64
2.074,8,1,2.427,10.79
19.592,16,1,1.914,89.38
8.003,13,0,1.16,23.21
15.304,11,1,1.777,68.05
18.196,9,1,2.078,91.06
13.972,5,1,1.877,62.37
7.719,21,1,1.99,34.85
2.835,14,0,2.312,15.2
13.294,10,0,1.691,55.72
4.877,6,0,2.314,29.31
10.811,13,1,1.583,42.87
7.551,17,1,0.957,16.29
14.872,6,1,1.579,55.09
8.836,21,1,1.715,37.82
15.091,9,0,3.023,108.4
20.0,22,1,1.242,56.85
4.994,13,1,0.863,9.46
4.714,6,0,1.755,20.1
2.044,10,1,2.886,13.52
12.421,17,0,1.209,36.41
15.63,5,1,1.871,68.95
11.482,12,0,2.497,71.93
6.807,19,1,2.574,44.85
7.342,1,1,0.843,14.45
7.72,20,0,2.967,54.54
13.592,11,0,1.884,61.05
10.615,14,0,2.034,54.99
15.061,0,0,2.068,72.65
10.44,22,0,2.107,52.91
6.374,2,0,1.137,16.78
5.009,6,1,2.121,25.68
11.695,6,0,1.953,55.59
11.876,21,1,0.923,26.72
9.444,6,1,0.834,18.28
20.0,10,0,1.351,63.77
15.191,8,1,2.915,106.36
4.9,4,1,1.854,22.81
12.591,5,0,2.293,70.86
16.281,13,0,1.773,68.06
10.266,14,0,2.088,52.19
16.609,17,1,1.345,52.8
4.082,15,1,1.336,13.77
12.025,12,0,2.262,64.95
14.541,21,0,1.107,37.7
13.254,0,1,1.545,48.17
9.937,23,0,1.689,40.39
18.631,19,0,2.272,100.67
6.748,17,1,1.919,33.58
16.271,19,0,2.504,95.04
5.674,16,1,1.712,22.7
12.447,2,1,1.251,39.31
8.863,1,1,0.86,19.27
2.32,21,0,0.845,4.2
13.929,2,1,1.477,47.93
17.176,22,0,2.223,91.34
9.456,1,1,1.763,42.16
7.227,0,1,1.876,32.55
